{"count":1,"gauges":{"MarathonManMMAKick-v0.CumulativeReward":{"count":24,"max":121.02636,"min":51.46137,"value":53.99405,"weightedAverage":53.6911964}},"self":17.4087104,"total":18.747438799999998,"children":{"AgentSendState":{"count":3195,"self":0.023197799999999998,"total":0.059118199999999996,"children":{"CollectObservations":{"count":1815,"self":0.0359204,"total":0.0359204,"children":null}}},"DecideAction":{"count":3195,"self":0.52559,"total":0.52559,"children":null},"AgentAct":{"count":3195,"self":0.75302039999999992,"total":0.75302039999999992,"children":null}}}