{"count":1,"gauges":{"MarathonManBackflip-v0.CumulativeReward":{"count":174,"max":91.5011,"min":29.4244823,"value":37.74755,"weightedAverage":37.4145432}},"self":78.086291199999991,"total":88.209790599999991,"children":{"AgentSendState":{"count":17462,"self":0.10707799999999999,"total":0.2438719,"children":{"CollectObservations":{"count":10479,"self":0.1367939,"total":0.1367939,"children":null}}},"DecideAction":{"count":17462,"self":5.7918408,"total":5.7918408,"children":null},"AgentAct":{"count":17462,"self":4.0877892,"total":4.0877893,"children":null}}}